sid,name,iso_time,lat,lon,wind_kt
2020211N14124,SINLAKU,2020-08-01 00:00:00,18.1,110.5,30
2020211N14124,SINLAKU,2020-08-01 03:00:00,18.4,109.7,33
2020211N14124,SINLAKU,2020-08-01 06:00:00,18.6,108.9,35
2020211N14124,SINLAKU,2020-08-01 09:00:00,18.8,108.3,35
2020211N14124,SINLAKU,2020-08-01 12:00:00,18.9,107.8,35
2020211N14124,SINLAKU,2020-08-01 15:00:00,19.0,107.4,38
2020211N14124,SINLAKU,2020-08-01 18:00:00,19.1,107.1,40
2020211N14124,SINLAKU,2020-08-01 21:00:00,19.2,106.7,43
2020211N14124,SINLAKU,2020-08-02 00:00:00,19.3,106.4,45
2020211N14124,SINLAKU,2020-08-02 03:00:00,19.5,106.2,45
2020211N14124,SINLAKU,2020-08-02 06:00:00,19.6,105.9,45
2020211N14124,SINLAKU,2020-08-02 09:00:00,19.6,105.4,38
2020211N14124,SINLAKU,2020-08-02 12:00:00,19.5,104.8,30
2020211N14124,SINLAKU,2020-08-02 15:00:00,19.4,104.0,25
2020211N14124,SINLAKU,2020-08-02 18:00:00,19.4,103.4,20
2020211N14124,SINLAKU,2020-08-02 21:00:00,19.6,102.7, 
2020211N14124,SINLAKU,2020-08-03 00:00:00,19.8,102.1, 
2020213N15131,HAGUPIT,2020-08-01 00:00:00,20.0,128.9,30
2020213N15131,HAGUPIT,2020-08-01 03:00:00,20.5,128.4,30
2020213N15131,HAGUPIT,2020-08-01 06:00:00,20.8,127.9,30
2020213N15131,HAGUPIT,2020-08-01 09:00:00,21.1,127.4,30
2020213N15131,HAGUPIT,2020-08-01 12:00:00,21.3,127.0,30
2020213N15131,HAGUPIT,2020-08-01 15:00:00,21.7,126.5,33
2020213N15131,HAGUPIT,2020-08-01 18:00:00,22.0,125.9,35
2020213N15131,HAGUPIT,2020-08-01 21:00:00,22.3,125.5,35
2020213N15131,HAGUPIT,2020-08-02 00:00:00,22.5,125.1,35
2020213N15131,HAGUPIT,2020-08-02 03:00:00,22.8,124.8,38
2020213N15131,HAGUPIT,2020-08-02 06:00:00,23.1,124.6,40
2020213N15131,HAGUPIT,2020-08-02 09:00:00,23.3,124.4,43
2020213N15131,HAGUPIT,2020-08-02 12:00:00,23.6,124.2,45
2020213N15131,HAGUPIT,2020-08-02 15:00:00,23.9,124.1,50
2020213N15131,HAGUPIT,2020-08-02 18:00:00,24.2,123.9,55
2020213N15131,HAGUPIT,2020-08-02 21:00:00,24.5,123.7,58
2020213N15131,HAGUPIT,2020-08-03 00:00:00,25.0,123.4,60
2020213N15131,HAGUPIT,2020-08-03 03:00:00,25.5,123.0,65
2020213N15131,HAGUPIT,2020-08-03 06:00:00,26.2,122.5,70
2020213N15131,HAGUPIT,2020-08-03 09:00:00,26.5,122.1,73
2020213N15131,HAGUPIT,2020-08-03 12:00:00,26.8,121.7,75
2020213N15131,HAGUPIT,2020-08-03 15:00:00,27.2,121.4,75
2020213N15131,HAGUPIT,2020-08-03 18:00:00,27.7,121.1,75
2020213N15131,HAGUPIT,2020-08-03 21:00:00,28.2,120.9,63
2020213N15131,HAGUPIT,2020-08-04 00:00:00,28.6,120.6,50
2020213N15131,HAGUPIT,2020-08-04 03:00:00,29.1,120.5,40
2020213N15131,HAGUPIT,2020-08-04 06:00:00,29.6,120.4,30
2020213N15131,HAGUPIT,2020-08-04 09:00:00,30.1,120.3,28
2020213N15131,HAGUPIT,2020-08-04 12:00:00,30.8,120.3,25
2020213N15131,HAGUPIT,2020-08-04 15:00:00,31.6,120.5,25
2020213N15131,HAGUPIT,2020-08-04 18:00:00,32.4,120.6,25
2020213N15131,HAGUPIT,2020-08-04 21:00:00,33.3,120.6,23
2020213N15131,HAGUPIT,2020-08-05 00:00:00,34.0,120.8,20
2020213N15131,HAGUPIT,2020-08-05 03:00:00,34.6,121.1,20
2020213N15131,HAGUPIT,2020-08-05 06:00:00,35.1,121.4,20
2020213N15131,HAGUPIT,2020-08-05 09:00:00,35.8,121.9,20
2020213N15131,HAGUPIT,2020-08-05 12:00:00,36.5,122.6,20
2020213N15131,HAGUPIT,2020-08-05 15:00:00,37.3,123.6,18
2020213N15131,HAGUPIT,2020-08-05 18:00:00,38.1,124.9,15
2020213N15131,HAGUPIT,2020-08-05 21:00:00,38.8,126.5,20
2020213N15131,HAGUPIT,2020-08-06 00:00:00,39.5,128.2,25
2020213N15131,HAGUPIT,2020-08-06 03:00:00,40.4,130.2, 
2020213N15131,HAGUPIT,2020-08-06 06:00:00,41.2,132.2, 
2020213N15131,HAGUPIT,2020-08-06 09:00:00,41.7,133.7, 
2020213N15131,HAGUPIT,2020-08-06 12:00:00,42.2,134.8, 
2020213N15131,HAGUPIT,2020-08-06 15:00:00,42.6,135.8, 
2020213N15131,HAGUPIT,2020-08-06 18:00:00,43.0,136.9, 
2020213N15131,HAGUPIT,2020-08-06 21:00:00,43.5,138.2, 
2020213N15131,HAGUPIT,2020-08-07 00:00:00,44.0,139.7, 
2020213N15131,HAGUPIT,2020-08-07 03:00:00,44.4,141.2, 
2020213N15131,HAGUPIT,2020-08-07 06:00:00,45.1,142.8, 
2020213N15131,HAGUPIT,2020-08-07 09:00:00,45.9,144.3, 
2020213N15131,HAGUPIT,2020-08-07 12:00:00,46.8,145.8, 
2020213N15131,HAGUPIT,2020-08-07 15:00:00,47.2,146.9, 
2020213N15131,HAGUPIT,2020-08-07 18:00:00,47.5,147.9, 
2020213N15131,HAGUPIT,2020-08-07 21:00:00,47.9,149.2, 
2020213N15131,HAGUPIT,2020-08-08 00:00:00,48.3,150.6, 
2020213N15131,HAGUPIT,2020-08-08 03:00:00,48.6,152.3, 
2020213N15131,HAGUPIT,2020-08-08 06:00:00,49.1,153.9, 
2020213N15131,HAGUPIT,2020-08-08 09:00:00,49.7,155.0, 
2020213N15131,HAGUPIT,2020-08-08 12:00:00,50.3,156.0, 
2020213N15131,HAGUPIT,2020-08-08 15:00:00,50.4,157.2, 
2020213N15131,HAGUPIT,2020-08-08 18:00:00,50.4,158.4, 
2020213N15131,HAGUPIT,2020-08-08 21:00:00,50.4,159.5, 
2020213N15131,HAGUPIT,2020-08-09 00:00:00,50.4,160.5, 
2020213N15131,HAGUPIT,2020-08-09 03:00:00,50.6,161.5, 
2020213N15131,HAGUPIT,2020-08-09 06:00:00,50.7,162.5, 
2020213N15131,HAGUPIT,2020-08-09 09:00:00,50.8,163.5, 
2020213N15131,HAGUPIT,2020-08-09 12:00:00,50.8,164.6, 
2020213N15131,HAGUPIT,2020-08-09 15:00:00,50.8,165.7, 
2020213N15131,HAGUPIT,2020-08-09 18:00:00,50.9,167.0, 
2020213N15131,HAGUPIT,2020-08-09 21:00:00,50.9,168.1, 
2020213N15131,HAGUPIT,2020-08-10 00:00:00,50.9,169.2, 
2020213N15131,HAGUPIT,2020-08-10 03:00:00,50.9,170.1, 
2020213N15131,HAGUPIT,2020-08-10 06:00:00,50.9,170.9, 
2020213N15131,HAGUPIT,2020-08-10 09:00:00,51.0,171.8, 
2020213N15131,HAGUPIT,2020-08-10 12:00:00,51.1,172.6, 
2020213N15131,HAGUPIT,2020-08-10 15:00:00,51.2,173.4, 
2020213N15131,HAGUPIT,2020-08-10 18:00:00,51.4,174.1, 
2020213N15131,HAGUPIT,2020-08-10 21:00:00,51.6,174.8, 
2020213N15131,HAGUPIT,2020-08-11 00:00:00,51.7,175.5, 
2020213N15131,HAGUPIT,2020-08-11 03:00:00,51.8,176.2, 
2020213N15131,HAGUPIT,2020-08-11 06:00:00,52.0,176.9, 
2020213N15131,HAGUPIT,2020-08-11 09:00:00,52.0,177.5, 
2020213N15131,HAGUPIT,2020-08-11 12:00:00,52.1,178.2, 
2020213N15131,HAGUPIT,2020-08-11 15:00:00,52.2,178.8, 
2020213N15131,HAGUPIT,2020-08-11 18:00:00,52.2,179.4, 
2020213N15131,HAGUPIT,2020-08-11 21:00:00,52.3,179.8, 
2020213N15131,HAGUPIT,2020-08-12 00:00:00,52.3,180.1, 
2020213N15131,HAGUPIT,2020-08-12 03:00:00,52.4,180.2, 
2020213N15131,HAGUPIT,2020-08-12 06:00:00,52.3,180.7, 
2020220N14128,JANGMI,2020-08-06 18:00:00,14.2,127.5, 
2020220N14128,JANGMI,2020-08-06 21:00:00,14.5,127.4, 
2020220N14128,JANGMI,2020-08-07 00:00:00,14.7,127.3, 
2020220N14128,JANGMI,2020-08-07 03:00:00,14.9,127.2, 
2020220N14128,JANGMI,2020-08-07 06:00:00,15.2,126.9, 
2020220N14128,JANGMI,2020-08-07 09:00:00,15.5,126.7, 
2020220N14128,JANGMI,2020-08-07 12:00:00,15.7,126.7, 
2020220N14128,JANGMI,2020-08-07 15:00:00,16.0,126.8, 
2020220N14128,JANGMI,2020-08-07 18:00:00,16.3,126.9, 
2020220N14128,JANGMI,2020-08-07 21:00:00,16.6,126.9, 
2020220N14128,JANGMI,2020-08-08 00:00:00,17.0,126.9,20
2020220N14128,JANGMI,2020-08-08 03:00:00,17.5,126.7,20
2020220N14128,JANGMI,2020-08-08 06:00:00,18.0,126.5,20
2020220N14128,JANGMI,2020-08-08 09:00:00,18.6,126.4,23
2020220N14128,JANGMI,2020-08-08 12:00:00,19.3,126.3,25
2020220N14128,JANGMI,2020-08-08 15:00:00,20.1,126.3,28
2020220N14128,JANGMI,2020-08-08 18:00:00,21.0,126.2,30
2020220N14128,JANGMI,2020-08-08 21:00:00,21.9,126.1,30
2020220N14128,JANGMI,2020-08-09 00:00:00,23.0,126.1,30
2020220N14128,JANGMI,2020-08-09 03:00:00,24.1,126.1,33
2020220N14128,JANGMI,2020-08-09 06:00:00,25.3,126.2,35
2020220N14128,JANGMI,2020-08-09 09:00:00,26.4,126.2,38
2020220N14128,JANGMI,2020-08-09 12:00:00,27.5,126.2,40
2020220N14128,JANGMI,2020-08-09 15:00:00,28.5,126.3,40
2020220N14128,JANGMI,2020-08-09 18:00:00,29.6,126.6,40
2020220N14128,JANGMI,2020-08-09 21:00:00,30.9,127.1,38
2020220N14128,JANGMI,2020-08-10 00:00:00,32.2,127.6,35
2020220N14128,JANGMI,2020-08-10 03:00:00,33.3,128.1,35
2020220N14128,JANGMI,2020-08-10 06:00:00,34.6,128.6,35
2020220N14128,JANGMI,2020-08-10 09:00:00,35.9,129.2,35
2020220N14128,JANGMI,2020-08-10 12:00:00,37.1,129.9,35
2020220N14128,JANGMI,2020-08-10 15:00:00,38.4,130.9,35
2020220N14128,JANGMI,2020-08-10 18:00:00,39.8,132.2,35
2020220N14128,JANGMI,2020-08-10 21:00:00,41.4,133.9,35
2020220N14128,JANGMI,2020-08-11 00:00:00,42.8,135.9,35
2020220N14128,JANGMI,2020-08-11 03:00:00,43.7,137.7, 
2020220N14128,JANGMI,2020-08-11 06:00:00,44.4,139.5, 
2020220N14128,JANGMI,2020-08-11 09:00:00,45.3,141.4, 
2020220N14128,JANGMI,2020-08-11 12:00:00,46.2,143.5, 
2020220N14128,JANGMI,2020-08-11 15:00:00,46.8,145.8, 
2020220N14128,JANGMI,2020-08-11 18:00:00,47.2,148.0, 
2020220N14128,JANGMI,2020-08-11 21:00:00,47.5,150.1, 
2020220N14128,JANGMI,2020-08-12 00:00:00,47.7,151.8, 
2020220N14128,JANGMI,2020-08-12 03:00:00,47.9,152.8, 
2020220N14128,JANGMI,2020-08-12 06:00:00,48.2,153.6, 
2020220N14128,JANGMI,2020-08-12 09:00:00,48.4,154.4, 
2020220N14128,JANGMI,2020-08-12 12:00:00,48.7,155.3, 
2020220N14128,JANGMI,2020-08-12 15:00:00,48.9,156.4, 
2020220N14128,JANGMI,2020-08-12 18:00:00,49.0,157.5, 
2020220N14128,JANGMI,2020-08-12 21:00:00,49.2,158.2, 
2020220N14128,JANGMI,2020-08-13 00:00:00,49.4,158.8, 
2020220N14128,JANGMI,2020-08-13 03:00:00,49.5,159.2, 
2020220N14128,JANGMI,2020-08-13 06:00:00,49.5,159.6, 
2020220N14128,JANGMI,2020-08-13 09:00:00,49.5,159.9, 
2020220N14128,JANGMI,2020-08-13 12:00:00,49.4,160.2, 
2020220N14128,JANGMI,2020-08-13 15:00:00,49.3,160.7, 
2020220N14128,JANGMI,2020-08-13 18:00:00,49.3,161.2, 
2020220N14128,JANGMI,2020-08-13 21:00:00,49.2,161.7, 
2020220N14128,JANGMI,2020-08-14 00:00:00,49.2,162.1, 
2020220N14128,JANGMI,2020-08-14 03:00:00,49.5,162.2, 
2020220N14128,JANGMI,2020-08-14 06:00:00,49.7,162.1, 
2020220N14128,JANGMI,2020-08-14 09:00:00,49.5,162.3, 
2020220N14128,JANGMI,2020-08-14 12:00:00,49.3,162.5, 
2020220N14128,JANGMI,2020-08-14 15:00:00,49.2,162.6, 
2020220N14128,JANGMI,2020-08-14 18:00:00,49.1,162.7, 
2020222N15117,MEKKHALA,2020-08-08 12:00:00,14.9,117.3,15
2020222N15117,MEKKHALA,2020-08-08 15:00:00,14.9,117.6,18
2020222N15117,MEKKHALA,2020-08-08 18:00:00,15.0,117.8,20
2020222N15117,MEKKHALA,2020-08-08 21:00:00,15.1,117.9,20
2020222N15117,MEKKHALA,2020-08-09 00:00:00,15.3,118.0,20
2020222N15117,MEKKHALA,2020-08-09 03:00:00,15.6,118.1,23
2020222N15117,MEKKHALA,2020-08-09 06:00:00,16.0,118.2,25
2020222N15117,MEKKHALA,2020-08-09 09:00:00,16.4,118.3,28
2020222N15117,MEKKHALA,2020-08-09 12:00:00,16.9,118.4,30
2020222N15117,MEKKHALA,2020-08-09 15:00:00,17.5,118.5,30
2020222N15117,MEKKHALA,2020-08-09 18:00:00,18.0,118.5,30
2020222N15117,MEKKHALA,2020-08-09 21:00:00,18.6,118.6,33
2020222N15117,MEKKHALA,2020-08-10 00:00:00,19.1,118.6,35
2020222N15117,MEKKHALA,2020-08-10 03:00:00,19.7,118.6,40
2020222N15117,MEKKHALA,2020-08-10 06:00:00,20.3,118.6,45
2020222N15117,MEKKHALA,2020-08-10 09:00:00,21.0,118.6,48
2020222N15117,MEKKHALA,2020-08-10 12:00:00,21.6,118.5,50
2020222N15117,MEKKHALA,2020-08-10 15:00:00,22.2,118.4,58
2020222N15117,MEKKHALA,2020-08-10 18:00:00,22.9,118.2,65
2020222N15117,MEKKHALA,2020-08-10 21:00:00,23.5,118.0,70
2020222N15117,MEKKHALA,2020-08-11 00:00:00,24.2,117.7,70
2020222N15117,MEKKHALA,2020-08-11 03:00:00,24.9,117.4,60
2020222N15117,MEKKHALA,2020-08-11 06:00:00,25.6,117.2,50
2020222N15117,MEKKHALA,2020-08-11 09:00:00,26.5,117.1,43
2020222N15117,MEKKHALA,2020-08-11 12:00:00,27.4,116.8,35
2020222N15117,MEKKHALA,2020-08-11 15:00:00,28.0,116.4,30
2020222N15117,MEKKHALA,2020-08-11 18:00:00,28.3,115.9,25
2020222N15117,MEKKHALA,2020-08-11 21:00:00,28.5,115.3,23
2020222N15117,MEKKHALA,2020-08-12 00:00:00,28.7,114.6,20
2020222N26149,UNNAMED,2020-08-09 00:00:00,25.8,148.9,25
2020222N26149,UNNAMED,2020-08-09 03:00:00,25.9,148.6,30
2020222N26149,UNNAMED,2020-08-09 06:00:00,26.0,148.3,35
2020222N26149,UNNAMED,2020-08-09 09:00:00,26.0,148.1,40
2020222N26149,UNNAMED,2020-08-09 12:00:00,26.1,147.8,45
2020222N26149,UNNAMED,2020-08-09 15:00:00,26.1,147.4,43
2020222N26149,UNNAMED,2020-08-09 18:00:00,26.1,147.0,40
2020222N26149,UNNAMED,2020-08-09 21:00:00,26.1,146.6,38
2020222N26149,UNNAMED,2020-08-10 00:00:00,26.2,146.2,35
2020222N26149,UNNAMED,2020-08-10 03:00:00,26.2,145.8,33
2020222N26149,UNNAMED,2020-08-10 06:00:00,26.2,145.3,30
2020222N26149,UNNAMED,2020-08-10 09:00:00,26.2,144.8,30
2020222N26149,UNNAMED,2020-08-10 12:00:00,26.3,144.2,30
2020222N26149,UNNAMED,2020-08-10 15:00:00,26.3,143.5,28
2020222N26149,UNNAMED,2020-08-10 18:00:00,26.4,142.8,25
2020222N26149,UNNAMED,2020-08-10 21:00:00,26.5,142.1,25
2020222N26149,UNNAMED,2020-08-11 00:00:00,26.6,141.5,25
2020222N26149,UNNAMED,2020-08-11 03:00:00,26.6,141.0,25
2020222N26149,UNNAMED,2020-08-11 06:00:00,26.6,140.5,25
2020222N26149,UNNAMED,2020-08-11 09:00:00,26.6,140.0,25
2020222N26149,UNNAMED,2020-08-11 12:00:00,26.5,139.4,25
2020222N26149,UNNAMED,2020-08-11 15:00:00,26.5,138.6,25
2020222N26149,UNNAMED,2020-08-11 18:00:00,26.5,137.8,25
2020222N26149,UNNAMED,2020-08-11 21:00:00,26.4,137.2,25
2020222N26149,UNNAMED,2020-08-12 00:00:00,26.2,136.6,25
2020222N26149,UNNAMED,2020-08-12 03:00:00,26.0,136.0,25
2020222N26149,UNNAMED,2020-08-12 06:00:00,25.7,135.4,25
2020222N26149,UNNAMED,2020-08-12 09:00:00,25.5,134.8,25
2020222N26149,UNNAMED,2020-08-12 12:00:00,25.2,134.2,25
2020222N26149,UNNAMED,2020-08-12 15:00:00,25.0,133.5,25
2020222N26149,UNNAMED,2020-08-12 18:00:00,24.8,132.8,25
2020222N26149,UNNAMED,2020-08-12 21:00:00,24.5,132.1, 
2020222N26149,UNNAMED,2020-08-13 00:00:00,24.1,131.7, 
2020229N18123,HIGOS,2020-08-16 06:00:00,17.5,123.4,15
2020229N18123,HIGOS,2020-08-16 09:00:00,17.5,123.3,15
2020229N18123,HIGOS,2020-08-16 12:00:00,17.7,123.3,15
2020229N18123,HIGOS,2020-08-16 15:00:00,18.0,123.1,18
2020229N18123,HIGOS,2020-08-16 18:00:00,18.4,122.8,20
2020229N18123,HIGOS,2020-08-16 21:00:00,18.7,122.4,20
2020229N18123,HIGOS,2020-08-17 00:00:00,19.0,121.9,20
2020229N18123,HIGOS,2020-08-17 03:00:00,19.2,121.4,20
2020229N18123,HIGOS,2020-08-17 06:00:00,19.4,120.7,20
2020229N18123,HIGOS,2020-08-17 09:00:00,19.5,120.2,23
2020229N18123,HIGOS,2020-08-17 12:00:00,19.6,119.6,25
2020229N18123,HIGOS,2020-08-17 15:00:00,19.8,119.0,28
2020229N18123,HIGOS,2020-08-17 18:00:00,19.9,118.4,30
2020229N18123,HIGOS,2020-08-17 21:00:00,20.1,117.7,33
2020229N18123,HIGOS,2020-08-18 00:00:00,20.3,116.9,35
2020229N18123,HIGOS,2020-08-18 03:00:00,20.4,116.3,38
2020229N18123,HIGOS,2020-08-18 06:00:00,20.7,115.8,40
2020229N18123,HIGOS,2020-08-18 07:00:00,20.7,115.6,43
2020229N18123,HIGOS,2020-08-18 08:00:00,20.8,115.5,45
2020229N18123,HIGOS,2020-08-18 09:00:00,20.9,115.3,48
2020229N18123,HIGOS,2020-08-18 10:00:00,21.0,115.1,50
2020229N18123,HIGOS,2020-08-18 11:00:00,21.0,115.0,53
2020229N18123,HIGOS,2020-08-18 12:00:00,21.1,114.8,55
2020229N18123,HIGOS,2020-08-18 13:00:00,21.2,114.6,56
2020229N18123,HIGOS,2020-08-18 14:00:00,21.3,114.5,57
2020229N18123,HIGOS,2020-08-18 15:00:00,21.4,114.3,58
2020229N18123,HIGOS,2020-08-18 16:00:00,21.4,114.1,58
2020229N18123,HIGOS,2020-08-18 17:00:00,21.5,114.0,59
2020229N18123,HIGOS,2020-08-18 18:00:00,21.6,113.8,60
2020229N18123,HIGOS,2020-08-18 19:00:00,21.7,113.7,59
2020229N18123,HIGOS,2020-08-18 20:00:00,21.8,113.6,58
2020229N18123,HIGOS,2020-08-18 21:00:00,21.9,113.5,58
2020229N18123,HIGOS,2020-08-18 22:00:00,22.0,113.3,57
2020229N18123,HIGOS,2020-08-18 23:00:00,22.1,113.2,56
2020229N18123,HIGOS,2020-08-19 00:00:00,22.2,113.1,55
2020229N18123,HIGOS,2020-08-19 01:00:00,22.3,112.9,52
2020229N18123,HIGOS,2020-08-19 02:00:00,22.4,112.8,50
2020229N18123,HIGOS,2020-08-19 03:00:00,22.5,112.7,48
2020229N18123,HIGOS,2020-08-19 06:00:00,22.9,112.2,40
2020229N18123,HIGOS,2020-08-19 09:00:00,23.3,111.5,30
2020229N18123,HIGOS,2020-08-19 12:00:00,23.7,110.8,20
2020229N18123,HIGOS,2020-08-19 15:00:00,23.9,110.1, 
2020229N18123,HIGOS,2020-08-19 18:00:00,24.0,109.4, 
2020229N18123,HIGOS,2020-08-19 21:00:00,24.5,109.1, 
2020229N18123,HIGOS,2020-08-20 00:00:00,25.1,109.0, 
2020229N18123,HIGOS,2020-08-20 03:00:00,25.6,108.9, 
2020229N18123,HIGOS,2020-08-20 06:00:00,26.0,108.7, 
2020234N19123,BAVI,2020-08-20 18:00:00,18.7,122.8, 
2020234N19123,BAVI,2020-08-20 21:00:00,19.5,123.0, 
2020234N19123,BAVI,2020-08-21 00:00:00,20.3,123.0,20
2020234N19123,BAVI,2020-08-21 03:00:00,20.8,123.0,20
2020234N19123,BAVI,2020-08-21 06:00:00,21.2,123.0,20
2020234N19123,BAVI,2020-08-21 09:00:00,21.6,122.9,23
2020234N19123,BAVI,2020-08-21 12:00:00,22.0,122.9,25
2020234N19123,BAVI,2020-08-21 15:00:00,22.4,122.8,28
2020234N19123,BAVI,2020-08-21 18:00:00,22.8,122.8,30
2020234N19123,BAVI,2020-08-21 21:00:00,23.1,122.7,33
2020234N19123,BAVI,2020-08-22 00:00:00,23.4,122.7,35
2020234N19123,BAVI,2020-08-22 03:00:00,23.8,123.0,38
2020234N19123,BAVI,2020-08-22 06:00:00,24.3,123.3,40
2020234N19123,BAVI,2020-08-22 09:00:00,24.8,123.6,45
2020234N19123,BAVI,2020-08-22 12:00:00,25.3,123.8,45
2020234N19123,BAVI,2020-08-22 15:00:00,25.6,123.7,48
2020234N19123,BAVI,2020-08-22 18:00:00,25.8,123.7,50
2020234N19123,BAVI,2020-08-22 21:00:00,26.0,123.8,53
2020234N19123,BAVI,2020-08-23 00:00:00,26.3,123.9,55
2020234N19123,BAVI,2020-08-23 03:00:00,26.5,124.1,58
2020234N19123,BAVI,2020-08-23 06:00:00,26.7,124.4,60
2020234N19123,BAVI,2020-08-23 09:00:00,26.8,124.7,60
2020234N19123,BAVI,2020-08-23 12:00:00,26.9,125.0,60
2020234N19123,BAVI,2020-08-23 15:00:00,27.0,125.3,63
2020234N19123,BAVI,2020-08-23 18:00:00,27.1,125.5,65
2020234N19123,BAVI,2020-08-23 21:00:00,27.2,125.9,68
2020234N19123,BAVI,2020-08-24 00:00:00,27.3,126.2,70
2020234N19123,BAVI,2020-08-24 03:00:00,27.6,126.4,73
2020234N19123,BAVI,2020-08-24 06:00:00,27.9,126.5,75
2020234N19123,BAVI,2020-08-24 09:00:00,28.1,126.4,80
2020234N19123,BAVI,2020-08-24 12:00:00,28.3,126.2,85
2020234N19123,BAVI,2020-08-24 15:00:00,28.5,126.1,85
2020234N19123,BAVI,2020-08-24 18:00:00,28.6,126.0,85
2020234N19123,BAVI,2020-08-24 21:00:00,28.8,125.8,88
2020234N19123,BAVI,2020-08-25 00:00:00,29.2,125.7,90
2020234N19123,BAVI,2020-08-25 03:00:00,29.5,125.6,93
2020234N19123,BAVI,2020-08-25 06:00:00,29.8,125.4,95
2020234N19123,BAVI,2020-08-25 09:00:00,30.2,125.3,95
2020234N19123,BAVI,2020-08-25 12:00:00,30.6,125.1,95
2020234N19123,BAVI,2020-08-25 15:00:00,31.0,124.9,98
2020234N19123,BAVI,2020-08-25 18:00:00,31.4,124.7,100
2020234N19123,BAVI,2020-08-25 21:00:00,31.8,124.6,100
2020234N19123,BAVI,2020-08-26 00:00:00,32.3,124.5,100
2020234N19123,BAVI,2020-08-26 03:00:00,32.9,124.4,98
2020234N19123,BAVI,2020-08-26 06:00:00,33.5,124.3,95
2020234N19123,BAVI,2020-08-26 09:00:00,34.2,124.3,93
2020234N19123,BAVI,2020-08-26 12:00:00,35.0,124.4,90
2020234N19123,BAVI,2020-08-26 15:00:00,36.0,124.6,85
2020234N19123,BAVI,2020-08-26 18:00:00,37.0,124.8,80
2020234N19123,BAVI,2020-08-26 21:00:00,38.1,124.8,73
2020234N19123,BAVI,2020-08-27 00:00:00,39.2,124.8,65
2020234N19123,BAVI,2020-08-27 03:00:00,40.5,125.1,53
2020234N19123,BAVI,2020-08-27 06:00:00,41.9,125.4,40
2020234N19123,BAVI,2020-08-27 09:00:00,43.1,125.8,30
2020234N19123,BAVI,2020-08-27 12:00:00,44.0,126.2,20
2020234N19123,BAVI,2020-08-27 15:00:00,44.9,126.6, 
2020234N19123,BAVI,2020-08-27 18:00:00,45.4,127.0, 
2020234N19123,BAVI,2020-08-27 21:00:00,45.5,126.8, 
2020234N19123,BAVI,2020-08-28 00:00:00,45.2,126.3, 
2020234N19123,BAVI,2020-08-28 03:00:00,44.8,125.8, 
2020234N19123,BAVI,2020-08-28 06:00:00,44.7,125.6, 
2020234N19123,BAVI,2020-08-28 09:00:00,44.6,125.8, 
2020234N19123,BAVI,2020-08-28 12:00:00,44.6,125.9, 
2020234N19123,BAVI,2020-08-28 15:00:00,44.9,125.6, 
2020234N19123,BAVI,2020-08-28 18:00:00,45.3,125.2, 
2020234N19123,BAVI,2020-08-28 21:00:00,45.9,124.9, 
2020234N19123,BAVI,2020-08-29 00:00:00,46.4,124.6, 
2020234N19123,BAVI,2020-08-29 03:00:00,46.7,124.0, 
2020234N19123,BAVI,2020-08-29 06:00:00,46.8,123.6, 
2020234N19123,BAVI,2020-08-29 09:00:00,46.7,123.6, 
2020234N19123,BAVI,2020-08-29 12:00:00,46.6,123.8, 
2020234N19123,BAVI,2020-08-29 15:00:00,46.6,124.1, 
2020234N19123,BAVI,2020-08-29 18:00:00,46.6,124.4, 
2020239N13134,MAYSAK,2020-08-26 00:00:00,12.8,133.9,10
2020239N13134,MAYSAK,2020-08-26 03:00:00,13.1,133.7,10
2020239N13134,MAYSAK,2020-08-26 06:00:00,13.3,133.5,10
2020239N13134,MAYSAK,2020-08-26 09:00:00,13.5,133.2,10
2020239N13134,MAYSAK,2020-08-26 12:00:00,13.7,132.8,10
2020239N13134,MAYSAK,2020-08-26 15:00:00,13.7,132.6,13
2020239N13134,MAYSAK,2020-08-26 18:00:00,13.8,132.4,15
2020239N13134,MAYSAK,2020-08-26 21:00:00,14.0,132.2,15
2020239N13134,MAYSAK,2020-08-27 00:00:00,14.5,132.1,15
2020239N13134,MAYSAK,2020-08-27 03:00:00,14.9,132.0,15
2020239N13134,MAYSAK,2020-08-27 06:00:00,15.3,132.0,15
2020239N13134,MAYSAK,2020-08-27 09:00:00,15.6,131.9,15
2020239N13134,MAYSAK,2020-08-27 12:00:00,15.9,131.7,15
2020239N13134,MAYSAK,2020-08-27 15:00:00,16.2,131.5,18
2020239N13134,MAYSAK,2020-08-27 18:00:00,16.5,131.4,20
2020239N13134,MAYSAK,2020-08-27 21:00:00,16.7,131.2,23
2020239N13134,MAYSAK,2020-08-28 00:00:00,16.9,130.9,25
2020239N13134,MAYSAK,2020-08-28 03:00:00,16.9,130.6,28
2020239N13134,MAYSAK,2020-08-28 06:00:00,16.9,130.3,30
2020239N13134,MAYSAK,2020-08-28 09:00:00,16.8,130.0,35
2020239N13134,MAYSAK,2020-08-28 12:00:00,16.6,129.8,40
2020239N13134,MAYSAK,2020-08-28 15:00:00,16.5,129.7,43
2020239N13134,MAYSAK,2020-08-28 18:00:00,16.4,129.6,45
2020239N13134,MAYSAK,2020-08-28 21:00:00,16.4,129.5,48
2020239N13134,MAYSAK,2020-08-29 00:00:00,16.5,129.5,50
2020239N13134,MAYSAK,2020-08-29 03:00:00,16.5,129.4,53
2020239N13134,MAYSAK,2020-08-29 06:00:00,16.6,129.3,55
2020239N13134,MAYSAK,2020-08-29 09:00:00,16.7,129.1,55
2020239N13134,MAYSAK,2020-08-29 12:00:00,16.8,129.0,55
2020239N13134,MAYSAK,2020-08-29 15:00:00,16.9,128.9,60
2020239N13134,MAYSAK,2020-08-29 18:00:00,17.0,128.9,65
2020239N13134,MAYSAK,2020-08-29 21:00:00,17.1,128.9,65
2020239N13134,MAYSAK,2020-08-30 00:00:00,17.3,129.0,65
2020239N13134,MAYSAK,2020-08-30 03:00:00,17.8,129.0,70
2020239N13134,MAYSAK,2020-08-30 06:00:00,18.4,129.0,75
2020239N13134,MAYSAK,2020-08-30 09:00:00,18.9,129.0,80
2020239N13134,MAYSAK,2020-08-30 12:00:00,19.5,128.9,85
2020239N13134,MAYSAK,2020-08-30 15:00:00,20.1,128.9,88
2020239N13134,MAYSAK,2020-08-30 18:00:00,20.8,128.8,90
2020239N13134,MAYSAK,2020-08-30 21:00:00,21.6,128.7,93
2020239N13134,MAYSAK,2020-08-31 00:00:00,22.4,128.5,95
2020239N13134,MAYSAK,2020-08-31 03:00:00,23.4,128.1,100
2020239N13134,MAYSAK,2020-08-31 06:00:00,24.2,127.6,105
2020239N13134,MAYSAK,2020-08-31 09:00:00,24.6,127.3,108
2020239N13134,MAYSAK,2020-08-31 12:00:00,25.0,127.1,110
2020239N13134,MAYSAK,2020-08-31 15:00:00,25.5,126.8,113
2020239N13134,MAYSAK,2020-08-31 18:00:00,26.1,126.5,115
2020239N13134,MAYSAK,2020-08-31 21:00:00,26.5,126.2,118
2020239N13134,MAYSAK,2020-09-01 00:00:00,26.9,126.0,120
2020239N13134,MAYSAK,2020-09-01 03:00:00,27.2,126.0,118
2020239N13134,MAYSAK,2020-09-01 06:00:00,27.6,126.1,115
2020239N13134,MAYSAK,2020-09-01 09:00:00,28.0,126.2,113
2020239N13134,MAYSAK,2020-09-01 12:00:00,28.4,126.3,110
2020239N13134,MAYSAK,2020-09-01 15:00:00,28.9,126.5,108
2020239N13134,MAYSAK,2020-09-01 18:00:00,29.4,126.6,105
2020239N13134,MAYSAK,2020-09-01 21:00:00,30.0,126.6,100
2020239N13134,MAYSAK,2020-09-02 00:00:00,30.5,126.7,95
2020239N13134,MAYSAK,2020-09-02 03:00:00,31.1,126.9,90
2020239N13134,MAYSAK,2020-09-02 06:00:00,31.7,127.1,85
2020239N13134,MAYSAK,2020-09-02 09:00:00,32.4,127.5,83
2020239N13134,MAYSAK,2020-09-02 12:00:00,33.2,127.9,80
2020239N13134,MAYSAK,2020-09-02 15:00:00,34.2,128.3,78
2020239N13134,MAYSAK,2020-09-02 18:00:00,35.5,128.9,75
2020239N13134,MAYSAK,2020-09-02 21:00:00,37.1,129.3,65
2020239N13134,MAYSAK,2020-09-03 00:00:00,38.9,129.5,55
2020239N13134,MAYSAK,2020-09-03 03:00:00,40.6,129.5,48
2020239N13134,MAYSAK,2020-09-03 06:00:00,42.4,129.1,40
2020239N13134,MAYSAK,2020-09-03 09:00:00,44.0,128.2,33
2020239N13134,MAYSAK,2020-09-03 12:00:00,45.4,127.1,25
2020239N13134,MAYSAK,2020-09-03 15:00:00,46.3,126.2, 
2020239N13134,MAYSAK,2020-09-03 18:00:00,47.0,125.4, 
2020239N13134,MAYSAK,2020-09-03 21:00:00,47.5,124.8, 
2020239N13134,MAYSAK,2020-09-04 00:00:00,47.9,124.3, 
2020239N13134,MAYSAK,2020-09-04 03:00:00,48.5,123.7, 
2020239N13134,MAYSAK,2020-09-04 06:00:00,49.0,123.3, 
2020239N13134,MAYSAK,2020-09-04 09:00:00,49.2,123.0, 
2020239N13134,MAYSAK,2020-09-04 12:00:00,49.3,123.0, 
2020239N13134,MAYSAK,2020-09-04 15:00:00,49.4,123.1, 
2020239N13134,MAYSAK,2020-09-04 18:00:00,49.7,123.4, 
2020239N13134,MAYSAK,2020-09-04 21:00:00,50.0,123.7, 
2020239N13134,MAYSAK,2020-09-05 00:00:00,50.4,124.2, 
2020239N13134,MAYSAK,2020-09-05 03:00:00,50.9,124.5, 
2020239N13134,MAYSAK,2020-09-05 06:00:00,51.5,125.0, 
2020239N13134,MAYSAK,2020-09-05 09:00:00,52.0,125.4, 
2020239N13134,MAYSAK,2020-09-05 12:00:00,52.5,125.9, 
2020239N13134,MAYSAK,2020-09-05 15:00:00,52.7,126.2, 
2020239N13134,MAYSAK,2020-09-05 18:00:00,52.9,126.5, 
2020239N13134,MAYSAK,2020-09-05 21:00:00,53.1,126.7, 
2020239N13134,MAYSAK,2020-09-06 00:00:00,53.2,126.9, 
2020239N13134,MAYSAK,2020-09-06 03:00:00,53.1,127.0, 
2020239N13134,MAYSAK,2020-09-06 06:00:00,53.0,127.3, 
2020239N13134,MAYSAK,2020-09-06 09:00:00,52.8,127.9, 
2020239N13134,MAYSAK,2020-09-06 12:00:00,52.6,128.6, 
2020239N13134,MAYSAK,2020-09-06 15:00:00,52.3,129.3, 
2020239N13134,MAYSAK,2020-09-06 18:00:00,52.0,130.1, 
2020239N13134,MAYSAK,2020-09-06 21:00:00,51.9,131.1, 
2020239N13134,MAYSAK,2020-09-07 00:00:00,51.9,132.1, 
2020244N25146,HAISHEN,2020-08-30 12:00:00,24.9,145.5, 
2020244N25146,HAISHEN,2020-08-30 15:00:00,24.7,145.7, 
2020244N25146,HAISHEN,2020-08-30 18:00:00,24.5,145.9, 
2020244N25146,HAISHEN,2020-08-30 21:00:00,24.2,146.0, 
2020244N25146,HAISHEN,2020-08-31 00:00:00,23.9,146.3, 
2020244N25146,HAISHEN,2020-08-31 03:00:00,23.6,146.4, 
2020244N25146,HAISHEN,2020-08-31 06:00:00,23.3,146.3,20
2020244N25146,HAISHEN,2020-08-31 09:00:00,23.1,146.2,23
2020244N25146,HAISHEN,2020-08-31 12:00:00,22.8,146.0,25
2020244N25146,HAISHEN,2020-08-31 15:00:00,22.5,145.8,28
2020244N25146,HAISHEN,2020-08-31 18:00:00,22.2,145.5,30
2020244N25146,HAISHEN,2020-08-31 21:00:00,21.8,145.2,33
2020244N25146,HAISHEN,2020-09-01 00:00:00,21.5,144.9,35
2020244N25146,HAISHEN,2020-09-01 03:00:00,21.2,144.7,38
2020244N25146,HAISHEN,2020-09-01 06:00:00,20.9,144.5,40
2020244N25146,HAISHEN,2020-09-01 09:00:00,20.7,144.2,43
2020244N25146,HAISHEN,2020-09-01 12:00:00,20.4,144.0,45
2020244N25146,HAISHEN,2020-09-01 15:00:00,20.2,143.7,45
2020244N25146,HAISHEN,2020-09-01 18:00:00,19.9,143.4,45
2020244N25146,HAISHEN,2020-09-01 21:00:00,19.6,142.9,53
2020244N25146,HAISHEN,2020-09-02 00:00:00,19.4,142.4,60
2020244N25146,HAISHEN,2020-09-02 03:00:00,19.3,141.9,63
2020244N25146,HAISHEN,2020-09-02 06:00:00,19.3,141.4,65
2020244N25146,HAISHEN,2020-09-02 09:00:00,19.4,140.9,65
2020244N25146,HAISHEN,2020-09-02 12:00:00,19.6,140.4,65
2020244N25146,HAISHEN,2020-09-02 15:00:00,19.8,139.9,70
2020244N25146,HAISHEN,2020-09-02 18:00:00,20.0,139.4,75
2020244N25146,HAISHEN,2020-09-02 21:00:00,20.1,138.9,83
2020244N25146,HAISHEN,2020-09-03 00:00:00,20.2,138.4,90
2020244N25146,HAISHEN,2020-09-03 03:00:00,20.4,138.0,95
2020244N25146,HAISHEN,2020-09-03 06:00:00,20.6,137.6,100
2020244N25146,HAISHEN,2020-09-03 09:00:00,20.8,137.1,108
2020244N25146,HAISHEN,2020-09-03 12:00:00,21.0,136.6,115
2020244N25146,HAISHEN,2020-09-03 15:00:00,21.1,136.2,120
2020244N25146,HAISHEN,2020-09-03 18:00:00,21.2,135.8,125
2020244N25146,HAISHEN,2020-09-03 21:00:00,21.5,135.5,128
2020244N25146,HAISHEN,2020-09-04 00:00:00,21.7,135.1,130
2020244N25146,HAISHEN,2020-09-04 03:00:00,22.0,134.7,133
2020244N25146,HAISHEN,2020-09-04 06:00:00,22.2,134.3,135
2020244N25146,HAISHEN,2020-09-04 09:00:00,22.4,133.9,135
2020244N25146,HAISHEN,2020-09-04 12:00:00,22.7,133.5,135
2020244N25146,HAISHEN,2020-09-04 15:00:00,23.0,133.0,135
2020244N25146,HAISHEN,2020-09-04 18:00:00,23.3,132.6,135
2020244N25146,HAISHEN,2020-09-04 21:00:00,23.6,132.3,133
2020244N25146,HAISHEN,2020-09-05 00:00:00,24.0,132.0,130
2020244N25146,HAISHEN,2020-09-05 03:00:00,24.3,131.7,128
2020244N25146,HAISHEN,2020-09-05 06:00:00,24.7,131.5,125
2020244N25146,HAISHEN,2020-09-05 09:00:00,25.0,131.2,120
2020244N25146,HAISHEN,2020-09-05 12:00:00,25.4,131.0,115
2020244N25146,HAISHEN,2020-09-05 15:00:00,25.9,130.9,113
2020244N25146,HAISHEN,2020-09-05 18:00:00,26.4,130.8,110
2020244N25146,HAISHEN,2020-09-05 21:00:00,27.0,130.7,108
2020244N25146,HAISHEN,2020-09-06 00:00:00,27.7,130.5,105
2020244N25146,HAISHEN,2020-09-06 03:00:00,28.5,130.3,103
2020244N25146,HAISHEN,2020-09-06 06:00:00,29.4,130.0,100
2020244N25146,HAISHEN,2020-09-06 09:00:00,30.2,129.7,98
2020244N25146,HAISHEN,2020-09-06 12:00:00,31.0,129.4,95
2020244N25146,HAISHEN,2020-09-06 15:00:00,31.9,129.2,90
2020244N25146,HAISHEN,2020-09-06 18:00:00,33.0,129.1,85
2020244N25146,HAISHEN,2020-09-06 21:00:00,34.1,129.1,80
2020244N25146,HAISHEN,2020-09-07 00:00:00,35.5,129.2,75
2020244N25146,HAISHEN,2020-09-07 03:00:00,37.0,129.1,65
2020244N25146,HAISHEN,2020-09-07 06:00:00,38.4,129.0,55
2020244N25146,HAISHEN,2020-09-07 09:00:00,39.3,128.9,48
2020244N25146,HAISHEN,2020-09-07 12:00:00,40.0,128.9,40
2020244N25146,HAISHEN,2020-09-07 15:00:00,41.2,128.8,33
2020244N25146,HAISHEN,2020-09-07 18:00:00,42.5,128.7,25
2020244N25146,HAISHEN,2020-09-07 21:00:00,43.3,128.5, 
2020244N25146,HAISHEN,2020-09-08 00:00:00,44.0,128.2, 
2020244N25146,HAISHEN,2020-09-08 03:00:00,44.7,128.0, 
2020244N25146,HAISHEN,2020-09-08 06:00:00,45.3,127.9, 
2020244N25146,HAISHEN,2020-09-08 09:00:00,45.6,127.5, 
2020244N25146,HAISHEN,2020-09-08 12:00:00,45.8,127.1, 
2020244N25146,HAISHEN,2020-09-08 15:00:00,45.9,127.1, 
2020244N25146,HAISHEN,2020-09-08 18:00:00,45.8,127.1, 
2020244N25146,HAISHEN,2020-09-08 21:00:00,45.7,127.0, 
2020244N25146,HAISHEN,2020-09-09 00:00:00,45.6,126.9, 
2020244N25146,HAISHEN,2020-09-09 03:00:00,45.5,126.9, 
2020244N25146,HAISHEN,2020-09-09 06:00:00,45.4,126.8, 
2020244N25146,HAISHEN,2020-09-09 09:00:00,45.1,126.2, 
2020244N25146,HAISHEN,2020-09-09 12:00:00,44.7,125.5, 
2020244N25146,HAISHEN,2020-09-09 15:00:00,44.1,125.3, 
2020244N25146,HAISHEN,2020-09-09 18:00:00,43.6,125.1, 
2020244N25146,HAISHEN,2020-09-09 21:00:00,43.2,124.8, 
2020244N25146,HAISHEN,2020-09-10 00:00:00,42.9,124.4, 
2020244N25146,HAISHEN,2020-09-10 03:00:00,42.5,124.2, 
2020244N25146,HAISHEN,2020-09-10 06:00:00,42.0,124.0, 
2020254N26143,UNNAMED,2020-09-10 06:00:00,25.7,142.5,20
2020254N26143,UNNAMED,2020-09-10 09:00:00,25.5,141.7,20
2020254N26143,UNNAMED,2020-09-10 12:00:00,25.7,141.1,20
2020254N26143,UNNAMED,2020-09-10 15:00:00,26.3,140.7,20
2020254N26143,UNNAMED,2020-09-10 18:00:00,27.1,140.4,20
2020254N26143,UNNAMED,2020-09-10 21:00:00,27.6,140.2,20
2020254N26143,UNNAMED,2020-09-11 00:00:00,27.9,140.0,20
2020254N26143,UNNAMED,2020-09-11 03:00:00,28.2,139.9,20
2020254N26143,UNNAMED,2020-09-11 06:00:00,28.5,139.7,20
2020254N26143,UNNAMED,2020-09-11 09:00:00,29.0,139.3,20
2020254N26143,UNNAMED,2020-09-11 12:00:00,29.6,138.8,20
2020254N26143,UNNAMED,2020-09-11 15:00:00,30.3,138.4,23
2020254N26143,UNNAMED,2020-09-11 18:00:00,30.9,138.2,25
2020254N26143,UNNAMED,2020-09-11 21:00:00,31.3,138.2,23
2020254N26143,UNNAMED,2020-09-12 00:00:00,31.6,138.4,20
2020254N26143,UNNAMED,2020-09-12 03:00:00,31.8,138.8,18
2020254N26143,UNNAMED,2020-09-12 06:00:00,31.9,139.3,15
2020258N11127,NOUL,2020-09-14 00:00:00,11.0,127.3,10
2020258N11127,NOUL,2020-09-14 03:00:00,11.3,126.9,10
2020258N11127,NOUL,2020-09-14 06:00:00,11.6,126.5,10
2020258N11127,NOUL,2020-09-14 09:00:00,12.0,126.0,10
2020258N11127,NOUL,2020-09-14 12:00:00,12.4,125.4,10
2020258N11127,NOUL,2020-09-14 15:00:00,12.5,124.6,10
2020258N11127,NOUL,2020-09-14 18:00:00,12.6,123.8,10
2020258N11127,NOUL,2020-09-14 21:00:00,12.7,123.0,13
2020258N11127,NOUL,2020-09-15 00:00:00,12.7,122.2,15
2020258N11127,NOUL,2020-09-15 03:00:00,12.6,121.4,20
2020258N11127,NOUL,2020-09-15 06:00:00,12.6,120.6,25
2020258N11127,NOUL,2020-09-15 09:00:00,12.6,119.9,30
2020258N11127,NOUL,2020-09-15 12:00:00,12.6,119.3,35
2020258N11127,NOUL,2020-09-15 15:00:00,12.7,118.9,38
2020258N11127,NOUL,2020-09-15 18:00:00,12.8,118.5,40
2020258N11127,NOUL,2020-09-15 21:00:00,13.0,118.1,38
2020258N11127,NOUL,2020-09-16 00:00:00,13.1,117.7,35
2020258N11127,NOUL,2020-09-16 03:00:00,13.3,117.3,38
2020258N11127,NOUL,2020-09-16 06:00:00,13.4,116.8,40
2020258N11127,NOUL,2020-09-16 09:00:00,13.5,116.4,40
2020258N11127,NOUL,2020-09-16 12:00:00,13.7,116.0,40
2020258N11127,NOUL,2020-09-16 15:00:00,13.9,115.5,43
2020258N11127,NOUL,2020-09-16 18:00:00,14.1,115.0,45
2020258N11127,NOUL,2020-09-16 21:00:00,14.4,114.6,45
2020258N11127,NOUL,2020-09-17 00:00:00,14.7,114.2,45
2020258N11127,NOUL,2020-09-17 03:00:00,15.1,113.7,43
2020258N11127,NOUL,2020-09-17 06:00:00,15.5,113.1,40
2020258N11127,NOUL,2020-09-17 09:00:00,15.7,112.4,40
2020258N11127,NOUL,2020-09-17 12:00:00,15.9,111.7,40
2020258N11127,NOUL,2020-09-17 15:00:00,16.0,111.1,45
2020258N11127,NOUL,2020-09-17 18:00:00,16.1,110.3,50
2020258N11127,NOUL,2020-09-17 21:00:00,16.2,109.4,48
2020258N11127,NOUL,2020-09-18 00:00:00,16.3,108.3,45
2020258N11127,NOUL,2020-09-18 03:00:00,16.4,106.9,40
2020258N11127,NOUL,2020-09-18 06:00:00,16.3,105.5,35
2020258N11127,NOUL,2020-09-18 09:00:00,16.3,104.6,30
2020258N11127,NOUL,2020-09-18 12:00:00,16.2,103.9,25
2020258N11127,NOUL,2020-09-18 15:00:00,16.3,103.1,20
2020258N11127,NOUL,2020-09-18 18:00:00,16.4,102.2,15
2020258N11127,NOUL,2020-09-18 21:00:00,16.5,101.4, 
2020258N11127,NOUL,2020-09-19 00:00:00,16.4,100.5, 
2020263N21136,DOLPHIN,2020-09-19 06:00:00,21.4,135.6,15
2020263N21136,DOLPHIN,2020-09-19 09:00:00,21.5,135.3,18
2020263N21136,DOLPHIN,2020-09-19 12:00:00,21.7,135.1,20
2020263N21136,DOLPHIN,2020-09-19 15:00:00,22.0,134.9,20
2020263N21136,DOLPHIN,2020-09-19 18:00:00,22.3,134.7,20
2020263N21136,DOLPHIN,2020-09-19 21:00:00,22.7,134.3,20
2020263N21136,DOLPHIN,2020-09-20 00:00:00,23.1,134.1,20
2020263N21136,DOLPHIN,2020-09-20 03:00:00,23.4,134.0,20
2020263N21136,DOLPHIN,2020-09-20 06:00:00,23.7,134.0,20
2020263N21136,DOLPHIN,2020-09-20 09:00:00,23.9,134.1,25
2020263N21136,DOLPHIN,2020-09-20 12:00:00,24.1,134.3,30
2020263N21136,DOLPHIN,2020-09-20 15:00:00,24.2,134.4,33
2020263N21136,DOLPHIN,2020-09-20 18:00:00,24.4,134.6,35
2020263N21136,DOLPHIN,2020-09-20 21:00:00,24.6,134.6,40
2020263N21136,DOLPHIN,2020-09-21 00:00:00,24.9,134.6,45
2020263N21136,DOLPHIN,2020-09-21 03:00:00,25.1,134.7,45
2020263N21136,DOLPHIN,2020-09-21 06:00:00,25.3,134.8,45
2020263N21136,DOLPHIN,2020-09-21 09:00:00,25.5,134.9,45
2020263N21136,DOLPHIN,2020-09-21 12:00:00,25.7,134.9,45
2020263N21136,DOLPHIN,2020-09-21 15:00:00,25.9,135.0,48
2020263N21136,DOLPHIN,2020-09-21 18:00:00,26.1,135.1,50
2020263N21136,DOLPHIN,2020-09-21 21:00:00,26.5,135.1,50
2020263N21136,DOLPHIN,2020-09-22 00:00:00,26.9,135.2,50
2020263N21136,DOLPHIN,2020-09-22 03:00:00,27.4,135.4,53
2020263N21136,DOLPHIN,2020-09-22 06:00:00,28.1,135.6,55
2020263N21136,DOLPHIN,2020-09-22 09:00:00,28.7,135.8,55
2020263N21136,DOLPHIN,2020-09-22 12:00:00,29.3,136.1,55
2020263N21136,DOLPHIN,2020-09-22 15:00:00,29.7,136.3,53
2020263N21136,DOLPHIN,2020-09-22 18:00:00,30.1,136.6,50
2020263N21136,DOLPHIN,2020-09-22 21:00:00,30.6,137.1,48
2020263N21136,DOLPHIN,2020-09-23 00:00:00,31.2,137.6,45
2020263N21136,DOLPHIN,2020-09-23 03:00:00,31.7,138.3,48
2020263N21136,DOLPHIN,2020-09-23 06:00:00,32.1,139.0,50
2020263N21136,DOLPHIN,2020-09-23 09:00:00,32.5,139.9,53
2020263N21136,DOLPHIN,2020-09-23 12:00:00,32.8,140.8,55
2020263N21136,DOLPHIN,2020-09-23 15:00:00,32.9,141.2,50
2020263N21136,DOLPHIN,2020-09-23 18:00:00,32.9,141.4,45
2020263N21136,DOLPHIN,2020-09-23 21:00:00,32.9,141.6,43
2020263N21136,DOLPHIN,2020-09-24 00:00:00,32.9,141.8,40
2020263N21136,DOLPHIN,2020-09-24 03:00:00,32.8,142.1,38
2020263N21136,DOLPHIN,2020-09-24 06:00:00,32.7,142.4,35
2020263N21136,DOLPHIN,2020-09-24 09:00:00,32.9,142.6, 
2020263N21136,DOLPHIN,2020-09-24 12:00:00,33.2,142.6, 
2020263N21136,DOLPHIN,2020-09-24 15:00:00,33.5,142.6, 
2020263N21136,DOLPHIN,2020-09-24 18:00:00,33.8,142.5, 
2020263N21136,DOLPHIN,2020-09-24 21:00:00,33.8,142.0, 
2020263N21136,DOLPHIN,2020-09-25 00:00:00,34.1,141.7, 
2020263N21136,DOLPHIN,2020-09-25 03:00:00,34.7,141.7, 
2020263N21136,DOLPHIN,2020-09-25 06:00:00,35.6,142.0, 
2020263N21136,DOLPHIN,2020-09-25 09:00:00,36.4,142.3, 
2020263N21136,DOLPHIN,2020-09-25 12:00:00,37.3,142.8, 
2020263N21136,DOLPHIN,2020-09-25 15:00:00,38.1,143.3, 
2020263N21136,DOLPHIN,2020-09-25 18:00:00,38.9,143.9, 
2020263N21136,DOLPHIN,2020-09-25 21:00:00,39.6,144.5, 
2020263N21136,DOLPHIN,2020-09-26 00:00:00,40.2,145.1, 
2020263N21136,DOLPHIN,2020-09-26 03:00:00,40.5,145.5, 
2020263N21136,DOLPHIN,2020-09-26 06:00:00,40.9,145.9, 
2020263N21136,DOLPHIN,2020-09-26 09:00:00,41.2,146.3, 
2020263N21136,DOLPHIN,2020-09-26 12:00:00,41.5,146.7, 
2020263N21136,DOLPHIN,2020-09-26 15:00:00,41.7,147.0, 
2020263N21136,DOLPHIN,2020-09-26 18:00:00,42.0,147.2, 
2020263N21136,DOLPHIN,2020-09-26 21:00:00,42.3,147.4, 
2020263N21136,DOLPHIN,2020-09-27 00:00:00,42.7,147.6, 
2020263N21136,DOLPHIN,2020-09-27 03:00:00,43.1,147.7, 
2020263N21136,DOLPHIN,2020-09-27 06:00:00,43.5,147.9, 
2020263N21136,DOLPHIN,2020-09-27 09:00:00,43.9,148.0, 
2020263N21136,DOLPHIN,2020-09-27 12:00:00,44.4,148.4, 
2020263N21136,DOLPHIN,2020-09-27 15:00:00,45.0,148.9, 
2020263N21136,DOLPHIN,2020-09-27 18:00:00,45.7,149.7, 
2020263N21136,DOLPHIN,2020-09-27 21:00:00,46.5,150.6, 
2020263N21136,DOLPHIN,2020-09-28 00:00:00,47.4,151.5, 
2020263N21136,DOLPHIN,2020-09-28 03:00:00,48.1,152.1, 
2020263N21136,DOLPHIN,2020-09-28 06:00:00,48.8,152.8, 
2020263N21136,DOLPHIN,2020-09-28 09:00:00,49.2,153.4, 
2020263N21136,DOLPHIN,2020-09-28 12:00:00,49.6,154.3, 
2020263N21136,DOLPHIN,2020-09-28 15:00:00,50.0,156.0, 
2020263N21136,DOLPHIN,2020-09-28 18:00:00,50.3,157.9, 
2020263N21136,DOLPHIN,2020-09-28 21:00:00,50.6,159.8, 
2020263N21136,DOLPHIN,2020-09-29 00:00:00,50.8,161.7, 
2020263N21136,DOLPHIN,2020-09-29 03:00:00,50.7,164.0, 
2020263N21136,DOLPHIN,2020-09-29 06:00:00,50.6,165.8, 
2020263N21136,DOLPHIN,2020-09-29 09:00:00,50.4,166.8, 
2020263N21136,DOLPHIN,2020-09-29 12:00:00,50.2,167.5, 
2020263N21136,DOLPHIN,2020-09-29 15:00:00,50.0,168.2, 
2020263N21136,DOLPHIN,2020-09-29 18:00:00,49.9,168.9, 
2020270N17159,KUJIRA,2020-09-25 12:00:00,16.6,158.7, 
2020270N17159,KUJIRA,2020-09-25 15:00:00,16.9,158.6, 
2020270N17159,KUJIRA,2020-09-25 18:00:00,17.2,158.6, 
2020270N17159,KUJIRA,2020-09-25 21:00:00,17.5,158.7, 
2020270N17159,KUJIRA,2020-09-26 00:00:00,17.9,158.9, 
2020270N17159,KUJIRA,2020-09-26 03:00:00,18.3,159.1, 
2020270N17159,KUJIRA,2020-09-26 06:00:00,18.6,159.5,20
2020270N17159,KUJIRA,2020-09-26 09:00:00,18.9,159.6,20
2020270N17159,KUJIRA,2020-09-26 12:00:00,19.2,159.7,20
2020270N17159,KUJIRA,2020-09-26 15:00:00,19.5,159.6,23
2020270N17159,KUJIRA,2020-09-26 18:00:00,19.9,159.5,25
2020270N17159,KUJIRA,2020-09-26 21:00:00,20.2,159.2,28
2020270N17159,KUJIRA,2020-09-27 00:00:00,20.6,158.8,30
2020270N17159,KUJIRA,2020-09-27 03:00:00,21.2,158.2,30
2020270N17159,KUJIRA,2020-09-27 06:00:00,21.8,157.6,30
2020270N17159,KUJIRA,2020-09-27 09:00:00,22.5,157.0,33
2020270N17159,KUJIRA,2020-09-27 12:00:00,23.3,156.5,35
2020270N17159,KUJIRA,2020-09-27 15:00:00,24.1,155.8,35
2020270N17159,KUJIRA,2020-09-27 18:00:00,24.9,155.1,35
2020270N17159,KUJIRA,2020-09-27 21:00:00,25.8,154.3,38
2020270N17159,KUJIRA,2020-09-28 00:00:00,26.6,153.8,40
2020270N17159,KUJIRA,2020-09-28 03:00:00,27.2,153.4,43
2020270N17159,KUJIRA,2020-09-28 06:00:00,27.8,153.1,45
2020270N17159,KUJIRA,2020-09-28 09:00:00,28.3,153.0,45
2020270N17159,KUJIRA,2020-09-28 12:00:00,28.8,152.9,45
2020270N17159,KUJIRA,2020-09-28 15:00:00,29.6,153.0,48
2020270N17159,KUJIRA,2020-09-28 18:00:00,30.6,153.3,50
2020270N17159,KUJIRA,2020-09-28 21:00:00,31.5,153.6,55
2020270N17159,KUJIRA,2020-09-29 00:00:00,32.6,154.0,60
2020270N17159,KUJIRA,2020-09-29 03:00:00,33.7,154.5,63
2020270N17159,KUJIRA,2020-09-29 06:00:00,34.7,155.1,65
2020270N17159,KUJIRA,2020-09-29 09:00:00,35.7,155.7,65
2020270N17159,KUJIRA,2020-09-29 12:00:00,36.6,156.4,65
2020270N17159,KUJIRA,2020-09-29 15:00:00,37.5,157.3,60
2020270N17159,KUJIRA,2020-09-29 18:00:00,38.4,158.3,55
2020270N17159,KUJIRA,2020-09-29 21:00:00,39.1,159.4,55
2020270N17159,KUJIRA,2020-09-30 00:00:00,39.8,160.5,55
2020270N17159,KUJIRA,2020-09-30 03:00:00,40.4,161.7,50
2020270N17159,KUJIRA,2020-09-30 06:00:00,40.9,163.0,45
2020270N17159,KUJIRA,2020-09-30 09:00:00,41.1,164.7,43
2020270N17159,KUJIRA,2020-09-30 12:00:00,41.2,166.3,40
2020270N17159,KUJIRA,2020-09-30 15:00:00,41.3,167.8, 
2020270N17159,KUJIRA,2020-09-30 18:00:00,41.2,169.4, 
2020270N17159,KUJIRA,2020-09-30 21:00:00,40.9,170.9, 
